<?xml version="1.0" encoding="UTF-8"?>
<Configuration status="INFO">
	<Appenders>
		<Console name="Console" target="SYSTEM_OUT">
			<PatternLayout
				pattern="%d{HH:mm:ss.SSS} [%t] %-5level %logger{36} - %msg%n" />
		</Console>
		<File name="MyFile" fileName="resources/all.log" immediateFlush="true"
			append="true">
			<PatternLayout
				pattern="%d{yyy-MM-dd HH:mm:ss.SSS} [%t] %-5level %logger{36} - %msg%n" />
		</File>
	</Appenders>
	<Loggers>


		<logger name="filelogger" level="error">
			<appender-ref ref="MyFile" />
		</logger>


		<Root level="trace">
			
			<AppenderRef ref="MyFile" />
		</Root>
	</Loggers>
</Configuration>